firstName,lastName,homePhone,email,street,postalCode,city,state,cardNumber,CVC,cardType,expiryDate,longitude,latitude
James,Carter,7014087630300,alexandermark@yahoo.com,"305 Joseph Run",21937,Kimberlymouth,Georgia,54643485,950,"VISA 16 digit",2040-05-05,85.322028,-70.1896705
Michelle,Torres,3653920356538,allenlee@hotmail.com,"3429 Jason Mission Apt. 826",28655,"East Margaretside",Wisconsin,31875674,854,"JCB 15 digit",2050-06-18,95.975172,10.184628
Anne,Washington,6060346410339,allison30@gmail.com,"737 Smith Land",60149,Shanefurt,Utah,86967231,700,"JCB 15 digit",2031-10-30,172.083002,48.477098
Samantha,Fisher,8879462568340,amysampson@yahoo.com,"659 Benjamin Green Suite 263",54773,"South Chris","North Carolina",76629897,226,Discover,2035-03-05,122.923551,-42.9539985
Jason,Romero,9222440270514,andersonjeremy@hotmail.com,"9316 Rick Junction Suite 860",54299,"New Matthewview","North Dakota",64340117,413,"JCB 16 digit",2030-03-03,107.14466,47.066197
Jennifer,May,4659541523169,andrew22@yahoo.com,"71135 Tonya Junctions",32866,"East Georgefort","New Jersey",28070600,494,"American Express",2046-07-20,42.78994,-73.469455
Allison,Bennett,5439081470931,angela14@hotmail.com,"53478 Andrade Mall",61437,"North Jillburgh",Idaho,78233793,668,"American Express",2043-03-15,-41.666528,4.806875
Ronald,Mckenzie,4826371778478,angelica23@hotmail.com,"46496 Franklin Points Suite 039",46462,Frankshire,"New Mexico",51596155,795,Mastercard,2028-02-07,-30.338976,49.3852015
Natalie,Mcdowell,1626385801126,anthonyjackson@hotmail.com,"0452 Robinson Walk Apt. 201",62986,Seanfurt,"North Carolina",37538556,495,"JCB 15 digit",2033-12-06,99.840254,7.54708
Anthony,Roach,1430303409622,antonio16@hotmail.com,"800 Mitchell Squares Apt. 972",33273,Laurashire,"North Dakota",72638453,563,"VISA 13 digit",2036-02-15,-92.228067,-77.966315
Danielle,Powers,9800863722815,austinwilson@hotmail.com,"2565 Edwin Valley Suite 086",51771,Robinsonville,"North Carolina",47936695,976,Maestro,2047-11-03,157.333057,19.2244355
Robert,Dougherty,9071019177340,autumnbryant@hotmail.com,"06838 Ellis Lodge",53337,"North Jonathanshire",Hawaii,10894766,582,Maestro,2048-06-16,-75.308197,68.952654
Kenneth,Tran,7002555223825,awhite@yahoo.com,"70842 Conway Rapids Suite 813",73903,Coxmouth,Georgia,16314847,368,Discover,2034-04-20,-152.504274,-89.1957865
Desiree,Pearson,8247411008476,bcampbell@gmail.com,"5618 Bird Parkway Suite 138",26769,Dianahaven,Missouri,16341390,799,"VISA 16 digit",2035-01-05,47.772578,50.795952
Melissa,Lynn,6110166045043,bflores@gmail.com,"0801 Martin Valley",83578,"North Christina",Virginia,40636627,765,"VISA 16 digit",2032-03-14,-150.31001,-24.2172325
Pamela,Cain,4320301402048,bgeorge@yahoo.com,"6783 Thomas Stream",53433,"South Drewport",Ohio,49509172,875,"VISA 13 digit",2047-11-09,123.297486,65.563337
Aaron,Martinez,5234505549901,blackmallory@hotmail.com,"62109 Smith Islands",63339,Patelmouth,Tennessee,87542186,224,Mastercard,2037-04-27,144.474911,26.9840745
Ashley,James,1570686230557,brandy17@yahoo.com,"29451 Benjamin River",31755,"Port Richard",Alaska,47633942,879,"American Express",2034-10-22,144.319338,30.484018
Charles,Farmer,2311601840642,brightkathleen@hotmail.com,"0070 Brandon Valleys",42255,Edwardsbury,Indiana,42492045,279,"JCB 16 digit",2026-01-03,121.908245,0.886312
Lori,Smith,6033305259763,bullockrichard@gmail.com,"602 Jeffery Route",62891,Taylorberg,Nebraska,71438514,983,Discover,2040-01-11,-166.180324,44.129208
Jerry,Welch,7862894211794,bwallace@gmail.com,"8136 Natalie Roads Suite 390",49807,"South Stacyview",Delaware,84158605,482,Maestro,2028-06-27,8.878663,-50.0231855
Alfred,Campbell,8114511148598,carriehampton@yahoo.com,"1174 Green Brook Suite 689",47064,Patricktown,"North Dakota",13561781,415,"VISA 16 digit",2039-09-02,-54.935735,-51.0668235
Ashley,White,6373661779540,cboone@yahoo.com,"84413 Matthew Ridge Suite 876",55276,Shelleytown,Florida,80204607,234,"JCB 16 digit",2030-12-31,-15.927386,-65.5471815
Erik,Gardner,7374308340359,cheryl77@hotmail.com,"9387 Day Shores",72651,"Lake Nicole","North Carolina",59977993,822,"JCB 16 digit",2036-08-07,-2.457679,-34.4405535
Ronald,Perez,6490187237541,christianjacobs@yahoo.com,"45485 Ewing Walks Apt. 814",64522,Chaseton,Maine,47978342,575,"VISA 16 digit",2039-02-13,72.133682,35.204896
Anthony,Ferguson,4728515012865,clarkdaniel@hotmail.com,"1340 Shields Mountains Apt. 235",93735,Hughesside,"New Hampshire",45285168,150,Discover,2036-02-28,-6.91565,-27.9261215
Melody,Griffin,5614413550144,clayjack@gmail.com,"7151 Riley Oval",6606,Kathrynmouth,Maine,33860542,919,"VISA 16 digit",2030-12-19,-1.082,-68.873049
Amber,Smith,1733004159913,colleen86@yahoo.com,"596 Cassandra Grove Suite 805",21966,"Port Ronnie",Missouri,32166787,241,"VISA 16 digit",2033-05-22,93.92616,4.928065
Stephen,Beck,1166436444860,coxregina@yahoo.com,"39420 Bryan Mews Apt. 652",48635,"Port Lisa",Hawaii,58020758,691,"VISA 19 digit",2039-01-20,49.741364,58.185751
Lisa,Green,9866609836208,danielsmichael@yahoo.com,"68393 Reed Station",78267,"Port Willie",Nebraska,98274154,678,"JCB 16 digit",2024-08-28,147.071264,-9.8864595
Alexander,Scott,5592108568226,danieltucker@gmail.com,"801 Alvarez Square",79568,Joshuashire,Alabama,26382698,871,"VISA 16 digit",2045-12-20,146.63068,22.1338315
Victor,Lindsey,2933585754912,darylmartinez@gmail.com,"656 Miranda Gardens Suite 869",47345,Hamptonmouth,Oregon,98888728,617,"VISA 13 digit",2033-10-25,-14.843329,-40.6284825
Tiffany,Smith,960270726947,datkinson@gmail.com,"6704 Peterson Lock",71606,Wallhaven,Kentucky,47489533,783,"VISA 16 digit",2023-08-11,-162.779765,-20.348732
Philip,Simmons,8925772458042,deborahmacias@yahoo.com,"07520 Flowers Pike",80095,Williammouth,Kansas,84435431,361,Maestro,2024-09-15,-120.029147,61.637934
Sara,Shaw,113758784798,debrabrown@gmail.com,"82577 Clark Ways",8133,"Port Amyport",Idaho,64518829,550,"VISA 16 digit",2025-07-14,-112.655386,-43.960056
Eric,Mathis,7403430675323,dennis77@yahoo.com,"784 William Stream",73370,Macdonaldberg,Montana,38503924,443,Mastercard,2040-06-25,102.321337,-89.8886045
Marcia,Hicks,2538571883008,derek56@gmail.com,"7901 Theresa Glens",83187,Joeview,Louisiana,25236077,981,"JCB 16 digit",2044-11-21,-65.219241,21.4366925
Nicole,Fisher,2936927555262,edward22@gmail.com,"5858 Boyd Coves",23658,"East Nichole",Hawaii,94423334,384,"American Express",2033-09-08,93.201725,-63.3344945
Diane,Carr,6332754899569,ehunter@hotmail.com,"0295 Alexander Motorway",76977,Ramosborough,California,82170019,448,"VISA 19 digit",2039-02-03,-76.240679,-72.7885665
Reginald,Thomas,9556643817980,elucero@hotmail.com,"09316 Conley Forges",21765,"Lake Brandon",Louisiana,85255618,896,Maestro,2024-04-23,-175.918432,55.059952
Eric,Young,5002149852919,ericayoung@gmail.com,"5822 Chen Mission",42120,Hendersonhaven,Utah,60879323,340,"VISA 16 digit",2045-04-21,51.816472,-32.6360555
Monica,Holland,8762118619762,franksantana@hotmail.com,"983 Tracy Curve",98554,"New Brittany",Florida,61472635,832,"VISA 16 digit",2038-08-17,66.637577,-32.7703745
Bob,Medina,1924441645432,frederickpatricia@hotmail.com,"6206 Davis Plain Suite 157",84987,"Lake Michael","West Virginia",40994862,668,"JCB 16 digit",2033-12-15,137.353699,-43.6769125
Hunter,Fernandez,861732515726,freemantammy@yahoo.com,"559 Moreno Stravenue Apt. 664",88423,"New Aaronville",Vermont,91512625,474,"VISA 13 digit",2035-04-14,162.958858,23.809471
Ian,Petersen,1059853962238,fuentesmark@yahoo.com,"1721 Rivers Club",69194,"North Loriburgh",Wyoming,25791023,707,Mastercard,2024-01-18,21.326346,-11.584532
Michael,Harrington,4871983346499,gallegospaula@hotmail.com,"1548 Shelton Summit Apt. 691",7683,Morganmouth,California,17878318,822,Maestro,2029-02-23,108.599155,59.94245
Isabella,Romero,3330702858927,ginameyer@gmail.com,"86502 Geoffrey Island",88056,"Lake Thomasfort",Nevada,38824051,968,Mastercard,2033-06-07,7.913255,-67.583833
Angela,Martin,4172959090966,gregory99@gmail.com,"8372 Scott Tunnel Suite 080",80087,Jamesburgh,Indiana,44635377,273,"JCB 16 digit",2026-09-26,-147.385888,56.2978365
Dalton,Winters,7999309236018,gregorymoran@hotmail.com,"0840 Johnson Light",15022,Turnertown,Arkansas,38058091,502,Mastercard,2031-01-22,-111.885342,59.7925125
Molly,King,316371780181,heatherbailey@gmail.com,"82937 Guerrero Summit Apt. 351",21819,"North Kimberlyland","North Carolina",20739242,160,"JCB 16 digit",2032-02-26,-65.801428,-1.316372
Lauren,Andrews,2469250117019,herrerajacqueline@gmail.com,"3714 Megan Junctions Suite 934",65493,"Port Christophertown","New Mexico",52961116,915,"JCB 16 digit",2044-08-23,-6.006436,37.909225
Maureen,Lewis,9469043745523,hicksjill@gmail.com,"9668 Michael Skyway",67053,"Lake Leah",Wisconsin,18058036,580,"JCB 16 digit",2029-04-04,144.66088,0.514227
Robert,Pruitt,1396834384711,hmeyer@gmail.com,"4781 Garcia Knolls",80916,Carlosland,"South Carolina",85801260,614,"Diners Club / Carte Blanche",2027-10-29,70.727908,37.652196
Darren,Moore,7563160462359,holmesbrian@yahoo.com,"9361 Lowery Glens",48996,Dukeside,Utah,64803340,775,"VISA 19 digit",2024-08-16,-123.975418,0.358367
Vickie,Wilson,8714584599118,hpowers@gmail.com,"160 Garcia Way Suite 480",96663,Karenville,Louisiana,90583583,548,"VISA 16 digit",2043-01-18,-30.151341,-78.2605305
Ronald,Fletcher,7129822675274,ian91@yahoo.com,"639 Andrew Drive Suite 156",28965,"West Sarahbury",Utah,66041128,516,"JCB 16 digit",2027-12-18,-140.625318,-70.204585
Brian,Reese,5321658724660,ifowler@hotmail.com,"110 James Neck Suite 709",4129,Amandamouth,Connecticut,30891076,611,Discover,2047-07-08,-49.61861,-89.562451
Ian,Holt,2723647265916,iguzman@hotmail.com,"1709 Breanna Neck",29666,"Lake Aliciaborough",Alabama,39162082,115,"Diners Club / Carte Blanche",2032-07-17,-96.808534,10.438308
Jessica,Kim,7227574863882,iking@gmail.com,"870 Smith Views",46400,Christopherfort,Connecticut,64850677,470,"VISA 19 digit",2029-03-03,22.314638,88.5734045
Edward,Johnson,306871078168,jacklawson@yahoo.com,"10852 Livingston Roads",87471,Christinetown,Texas,31546839,497,"Diners Club / Carte Blanche",2029-02-05,55.778854,-9.082927
Hannah,Ramirez,8859306602669,janetjackson@hotmail.com,"059 Cline Hills",39744,"West Josephburgh",Idaho,48124048,144,"JCB 15 digit",2031-10-10,-52.860219,72.1802735
Jonathan,Taylor,248123020542,jesse24@yahoo.com,"248 Allen Canyon",57089,"Port Lauren","Rhode Island",37851842,407,"JCB 16 digit",2043-12-11,142.745653,-0.168451
Mallory,Dixon,8343006630991,jessica86@gmail.com,"27117 Ana Crescent",97701,"West Heidifort",Arizona,20523211,456,"VISA 13 digit",2043-01-13,-178.723017,82.6543345
Michelle,Ramsey,1662958583549,john85@yahoo.com,"5491 Laura Parkways Apt. 903",70226,"Lake Paul",Mississippi,63258824,224,"Diners Club / Carte Blanche",2028-12-15,-170.474304,-18.3807735
James,Pena,8008903721855,john87@hotmail.com,"5595 Manning Forge",15226,"East Christian",Massachusetts,59231990,223,"VISA 13 digit",2049-03-03,-83.598494,-73.84766
Natalie,Wagner,1738617460625,john90@yahoo.com,"9279 Mary Ford Suite 990",16545,"Lake Michael",Iowa,92710880,743,"VISA 16 digit",2034-03-21,-75.754961,-67.26343
Nicole,Espinoza,3070639903686,johnsonrobert@gmail.com,"107 Jose Alley Apt. 038",15135,Deanfort,Arizona,98895779,421,"VISA 16 digit",2045-05-21,19.445803,-56.7319755
Scott,Gilbert,3260296857263,jose79@hotmail.com,"348 Spencer Knolls",52449,Jonville,Delaware,25331177,479,"VISA 13 digit",2047-06-05,135.117974,67.044214
Paul,Tucker,8536701077818,josephodom@hotmail.com,"2716 Richard Points",33466,Andrewstown,Montana,99090040,237,"American Express",2047-07-23,-148.246774,-48.205176
Katie,Diaz,8526316593730,josephortega@hotmail.com,"781 Lopez Crest",53461,Saundershaven,Louisiana,83649527,891,"VISA 16 digit",2048-07-16,119.872044,45.702908
David,George,4319805948042,jpruitt@gmail.com,"989 Holt Drive Apt. 483",64957,Normanstad,Colorado,92696724,187,"VISA 19 digit",2046-02-02,21.923617,27.8151935
Lori,Coleman,5271203758011,julie08@yahoo.com,"41164 Jones Stravenue Apt. 895",36730,Davidfurt,Ohio,84909305,617,"JCB 15 digit",2032-06-08,4.145638,4.8315155
Richard,Gillespie,5786090808619,juliedelgado@hotmail.com,"694 Danielle Junctions",39544,Brianton,Iowa,22596859,362,Discover,2041-06-29,56.572529,-27.7753685
Jessica,Cannon,3688163961449,kennedykenneth@gmail.com,"0302 Mckee Square Apt. 546",91738,"New Dustin","New Jersey",38954734,781,"JCB 15 digit",2027-06-28,131.263148,9.0405085
Brent,Parker,9533774695925,kevinford@yahoo.com,"96524 Gregory Extension",97798,Stevenchester,Virginia,32748844,536,Mastercard,2028-11-22,140.047334,84.7103675
Rebecca,Cole,7256079684538,kramerthomas@yahoo.com,"8559 Daniel Valleys",72840,"Lake Alexandermouth",Arkansas,90472311,574,"VISA 19 digit",2047-09-16,2.813385,-34.9468715
Jeffrey,Sanchez,3734811320320,kristin05@hotmail.com,"868 Riley Bypass Suite 698",25528,Carmenside,Texas,60662943,193,"VISA 16 digit",2035-01-11,-70.231959,77.3516065
Tyler,Peck,5206511148136,lawrenceharris@hotmail.com,"89058 Turner Green Suite 738",63568,Christianville,"North Dakota",80046911,272,"VISA 16 digit",2038-08-08,-40.548714,-38.593234
Angela,Obrien,8537551744218,linda81@yahoo.com,"010 David Summit",29282,"East Cheyenne",Washington,37858126,446,"VISA 16 digit",2034-11-18,126.434431,-76.009644
Mark,Robertson,2771308781111,llopez@yahoo.com,"21651 Logan Parks Apt. 251",93706,"Port Michelle",Montana,82142689,100,"JCB 16 digit",2039-07-15,18.000966,-58.151712
Barbara,Mathis,4098592130869,lmoyer@yahoo.com,"368 Bruce Gardens",85208,"Port Williamtown","South Carolina",99528971,720,"VISA 16 digit",2037-04-15,132.691569,23.3354505
Alicia,Estrada,2264826925821,loretta79@yahoo.com,"784 Barnes Villages",43860,"New Teresaland",Iowa,49313160,576,"VISA 19 digit",2044-07-16,112.72397,-26.7380675
Albert,Herrera,2409177527127,lward@gmail.com,"3810 Sanders Mission",11058,Mcintoshhaven,Virginia,86832702,135,Mastercard,2028-09-30,48.438323,49.4008185
Amy,Rivera,1047947842246,manuel09@yahoo.com,"823 Shaun Rapid",79312,Janetport,Illinois,54090013,516,"JCB 16 digit",2034-10-16,26.333928,-88.2519175
Crystal,Johnson,777953091887,markwest@yahoo.com,"60245 Kara Islands",27274,"West Lauratown",Arizona,88015411,588,Maestro,2030-04-25,-147.025913,76.594858
Richard,Horn,5489193886456,marshalljacob@hotmail.com,"24825 Anthony Trafficway",87317,"North Emilymouth",Texas,87857140,691,Maestro,2049-08-26,56.254777,32.9693645
Kristin,Zuniga,5521815989417,matthew70@hotmail.com,"94944 Blackwell Estates",32635,Robertchester,Texas,37363665,142,Discover,2033-03-20,92.880045,-53.147409
Sara,Miller,9905519150498,michelle29@yahoo.com,"42749 Vanessa Fall Apt. 645",65638,Marissamouth,Oklahoma,17392454,226,"Diners Club / Carte Blanche",2029-08-30,165.166936,33.9961545
Olivia,Hernandez,5981409593968,michellechapman@yahoo.com,"6650 Williams Road",83540,"East Bethanyberg",Florida,67816740,269,"Diners Club / Carte Blanche",2048-09-01,126.758449,-41.110049
Robert,Patterson,8951265201374,mitchellwilliam@yahoo.com,"62909 Ray Island Apt. 702",57755,"New Dennis",Kansas,92793676,363,"VISA 16 digit",2036-04-17,-47.998525,27.013865
Anna,Hanna,323350502916,mortiz@gmail.com,"2200 Jones Meadow",69970,Erinland,"New Jersey",11312904,344,"American Express",2050-08-02,-134.842383,-72.233053
Nathan,Wiley,6779477781191,murphyzachary@hotmail.com,"7335 Carolyn Road Suite 103",66125,"Lake Anthonyshire",Alaska,28272857,891,Discover,2034-05-29,-178.285036,-64.1500955
Timothy,Patterson,6569572150611,myerstyrone@yahoo.com,"1698 Hernandez Gateway Suite 539",12827,"South Jack",Hawaii,65785879,343,Mastercard,2027-02-17,16.260278,40.887143
Christina,Clark,7796762602543,nancy66@yahoo.com,"992 Patrick Plains Apt. 011",94443,Bradleybury,California,63592873,442,"VISA 13 digit",2040-07-24,79.178275,81.944173
Michelle,Shepherd,4166108177668,norma12@hotmail.com,"3408 Mary Underpass",99896,"Port Davidmouth",Arkansas,18293011,248,Mastercard,2048-03-23,-91.731838,-84.7186065
Amanda,Lee,3027719280422,pedronguyen@hotmail.com,"928 Daniels Corners Suite 469",79159,"Port Juan",Alaska,51906003,432,"American Express",2024-11-27,-147.311237,6.5246435
Sheila,Taylor,3148944645984,qeverett@yahoo.com,"40983 Alexander Terrace Suite 618",33480,"North Nancy",California,87777260,495,"VISA 19 digit",2038-02-09,20.777973,61.5534705
Sara,Reed,9622192931200,qlopez@gmail.com,"48876 Morgan Ford Suite 473",39950,Hollybury,Illinois,37102800,804,Maestro,2046-06-28,-158.793254,0.6333265
Courtney,Pitts,5516111576141,qturner@gmail.com,"922 Jeremy Mission",87332,Nathanielfurt,Alabama,97133575,732,"JCB 16 digit",2033-04-04,-168.559116,14.876738
Tina,Woodard,4896698265467,qwilliams@gmail.com,"118 Jones Coves Suite 936",47226,"Lake Tracy",Florida,15799820,381,"Diners Club / Carte Blanche",2035-02-06,-126.424014,-14.6722695
Brandon,Garcia,6551888999917,rachelduke@yahoo.com,"003 Ayala Mount Suite 316",58454,Wisefort,Kentucky,45915873,736,"JCB 16 digit",2041-07-04,-55.759588,-71.9668545
Lance,Hoffman,9029209800714,randy38@hotmail.com,"0161 Powell Viaduct Suite 718",73248,"Port Tracy",Ohio,49643273,129,"JCB 16 digit",2034-10-13,26.204575,-3.682005
Thomas,Schwartz,8878610924060,rcowan@gmail.com,"6934 James Points",16864,Ballchester,Pennsylvania,59823573,471,Discover,2044-04-23,-55.313811,-25.461448
Charles,Reyes,9852210080198,rhondachandler@yahoo.com,"06968 Tammy Motorway Suite 917",42594,"New Kaitlin",California,24048395,382,Mastercard,2036-04-24,-63.325654,-36.159274
Courtney,Clark,2276538521696,richdesiree@hotmail.com,"15806 Jones Village Suite 960",55978,"East Williamview",Washington,96282653,880,"JCB 16 digit",2031-12-06,59.556135,-55.4030145
Gary,Miller,1725695178750,robertmoore@gmail.com,"546 Charles Underpass Suite 438",43129,"Lake Jessica",Kentucky,27123733,720,Discover,2035-07-26,175.679851,7.5822245
David,Hoffman,1673270284097,robin82@gmail.com,"4004 Gregory Plain Suite 931",2054,"North Ashley","North Carolina",10783348,622,"JCB 16 digit",2049-03-09,76.835583,80.2610965
Ryan,Nguyen,9402973479525,rodriguezdebra@gmail.com,"2350 John Island Suite 109",48047,"East Thomas",Nevada,83217121,840,"JCB 16 digit",2032-12-15,-106.384486,-26.6215805
Patricia,Delacruz,9357698157732,roger36@hotmail.com,"11334 Kenneth Estates",71127,"New Melanie",Oklahoma,32096256,996,"JCB 15 digit",2032-09-01,168.499371,-38.8950415
Luke,Smith,8874792921591,rogersheidi@gmail.com,"77802 Herrera Freeway",70333,Tranville,Connecticut,77163967,669,"American Express",2025-01-17,90.167219,-16.596296
Benjamin,Velez,5439854444384,ruizhoward@yahoo.com,"26340 Rebecca Court Suite 109",16769,Candiceland,"Rhode Island",23032252,981,"VISA 13 digit",2025-01-02,-162.028449,-53.6929095
Jennifer,Zavala,9239733888189,ryan70@yahoo.com,"72907 Velasquez Street Apt. 215",28766,"East Wendy",Colorado,44534296,188,"JCB 16 digit",2038-06-16,96.788839,-71.807745
James,Smith,2349468644944,samanthamartin@yahoo.com,"4638 Laura Avenue Suite 095",35730,Crystalmouth,"North Dakota",10519694,782,"American Express",2047-09-15,-142.826626,-66.9901125
Cassandra,Perkins,1310501922122,sanchezkenneth@yahoo.com,"12130 Robinson Flats Apt. 655",14520,Brianbury,"Rhode Island",67875592,260,Maestro,2045-08-09,-175.175465,-4.355573
Amber,Williams,9621915225640,sandraanthony@hotmail.com,"854 Miller Ridges Apt. 890",85465,Walkerton,Ohio,28620750,738,Discover,2024-06-22,16.292123,-58.103521
Gregg,Carpenter,8527622308559,saracook@hotmail.com,"66822 Bailey Roads Apt. 940",20521,Duartemouth,Maryland,78017895,302,Maestro,2041-12-11,-22.374493,38.0094305
Brian,Ray,1044189181600,sarah40@hotmail.com,"149 Palmer Mews Apt. 931",10955,Leshire,Arizona,25107117,608,"JCB 16 digit",2023-04-03,-41.792546,-30.561116
Tammy,Austin,6242110092935,sbrown@yahoo.com,"190 Hobbs Stravenue",82907,"Lake Juan",Montana,43818862,500,Maestro,2042-05-30,17.249196,81.4932595
Erica,Price,3991222012281,scottlaura@hotmail.com,"521 Crawford Route Suite 500",68801,"Port Alexis","North Carolina",43647879,220,"VISA 16 digit",2024-09-03,-124.563,49.04615
Ronald,Young,177462168362,smithrebecca@gmail.com,"581 Ramos Oval Suite 571",52803,"Lake Kimberlyfurt",Arkansas,10502198,450,"JCB 16 digit",2027-05-16,-169.737315,47.5378655
Anthony,Mcintosh,3694712529503,smithshaun@gmail.com,"060 Alexander Courts Suite 371",55615,"West Sherryton","West Virginia",79824383,840,"VISA 19 digit",2039-03-07,-79.519847,4.043925
Jason,Hunt,1357995883574,smoore@hotmail.com,"3275 Jason Haven",23536,"Lake Richardbury",Arkansas,88855294,720,Mastercard,2038-04-13,6.525229,57.0330875
Daniel,Williamson,6793784386076,staciesmith@gmail.com,"72248 Gallagher Creek",46924,"East Robertmouth",Alaska,61461297,792,"Diners Club / Carte Blanche",2033-01-26,146.756091,21.5612945
Rachael,Johnson,6041652387497,stevenrobbins@gmail.com,"34925 Delgado Hollow",49239,"Lake Latoya",Idaho,19841519,432,Maestro,2035-02-07,-46.145542,-41.405665
Erica,Watson,8992588033436,stevensawyer@hotmail.com,"024 Moon Groves",29769,"East Amberport",Florida,76822585,888,Discover,2044-11-08,175.481288,-77.2489665
Sandra,Whitehead,5704520799270,swagner@hotmail.com,"37820 Thomas Turnpike",88999,Phillipsport,"Rhode Island",86870018,166,"VISA 19 digit",2027-03-13,-141.136216,-24.241461
Jesse,Watson,4551208002549,taylorjose@hotmail.com,"10091 Pamela Lane",54980,"Port Michelle",Pennsylvania,57336943,562,Mastercard,2027-10-16,58.822817,-13.683751
Beth,Flores,1784428266008,taylorrodriguez@yahoo.com,"4757 Garrett Crescent",94896,"South Lauraburgh",Vermont,62667762,522,"JCB 16 digit",2023-03-22,56.478715,-72.527684
Joseph,Murphy,3556480564694,tiffany30@hotmail.com,"63543 Smith Avenue",50283,"New Ernestmouth",Delaware,66276844,541,"JCB 15 digit",2047-07-31,-112.078781,29.113379
Sabrina,Scott,4135542655803,timothy89@hotmail.com,"0078 Jack Road",93719,Davenporthaven,Tennessee,21410066,852,"VISA 19 digit",2030-11-16,-97.024713,8.411676
Mary,Boyer,2616917514019,toddroberts@gmail.com,"06392 Jessica Mall Apt. 009",89912,Austinmouth,Michigan,56911724,369,Maestro,2031-04-24,46.909421,-12.501361
Jessica,Edwards,1704216827463,tracyriley@yahoo.com,"728 Tasha Oval Suite 990",39554,"North Jeffrey",California,68473305,347,"VISA 16 digit",2045-06-09,100.97012,-81.338263
Andre,Salazar,5628198952756,tylerward@hotmail.com,"1945 Cunningham Light Suite 580",97674,"East Brian",Nevada,94951854,194,"VISA 13 digit",2039-12-23,114.178461,36.638487
Patricia,Perez,5898517978010,ulee@gmail.com,"97403 Joseph Village Apt. 024",74550,Jillbury,Massachusetts,71519259,297,"Diners Club / Carte Blanche",2037-09-20,-43.887248,-0.264183
David,Vazquez,5556251307793,verickson@yahoo.com,"6089 Tammie Common",56334,"South Claudialand",Delaware,65945801,853,"JCB 16 digit",2040-09-09,108.191215,11.5469315
John,Frank,3285585930257,vvelazquez@hotmail.com,"813 Byrd Corner Suite 291",89897,Tylermouth,"North Carolina",62260202,694,"American Express",2034-08-22,64.192071,27.410015
Mary,Adams,5907694668405,wayala@yahoo.com,"4555 Scott Stream",97597,"South Valerie",Nevada,44671401,779,"VISA 16 digit",2033-01-31,59.77047,34.7645115
Monica,Jones,5162679583590,wdowns@hotmail.com,"284 Jerry Extension Apt. 596",11917,Emilyside,Arizona,58131461,824,"JCB 16 digit",2045-11-02,152.815558,-51.310772
Samantha,Thomas,4510234004050,whitneywalker@gmail.com,"993 Horne Circle Apt. 960",55710,"South Veronica",Michigan,86160513,873,"American Express",2039-02-24,58.062016,22.756371
Shane,George,3051169161377,wilkersonamy@hotmail.com,"76914 Barbara Shoal Suite 048",88037,Dominiquestad,Hawaii,18328974,734,Maestro,2047-09-20,-117.924031,10.2538125
Jimmy,Murphy,9584582504011,wjohnson@yahoo.com,"4788 Amy Forge",16257,Gomezmouth,Arizona,59506452,333,"VISA 13 digit",2025-09-12,-141.130325,1.4028985
Raymond,Morse,9763010576587,wsteele@gmail.com,"52761 Mccormick Hills Suite 914",18657,Joshuaberg,Idaho,62124146,188,"VISA 16 digit",2023-07-07,150.751038,20.237326
Brittany,Ramos,7782941319638,ymullen@hotmail.com,"403 Simmons Cliff Suite 711",29602,"East Jonside",Alabama,32605508,826,"VISA 16 digit",2050-05-16,-83.296948,-58.116336
Joel,Mills,6401991377001,youngshawn@gmail.com,"8684 Cherry Path Apt. 449",89461,Garciashire,Nebraska,79529040,469,"JCB 15 digit",2044-03-16,-104.321827,-30.196153
Sara,Greene,6593461377623,ypoole@yahoo.com,"9588 Jennifer Route",16188,Estradachester,Washington,37598692,279,"JCB 16 digit",2044-01-30,34.035589,-0.433974
Eric,Watson,2704169880270,yrobinson@yahoo.com,"48536 Schmitt Terrace Suite 026",57573,Amberbury,Illinois,15771798,701,Discover,2041-11-24,-49.613539,-8.63787
Christopher,Phillips,1442273951050,zacharyluna@yahoo.com,"4047 Thompson Spurs",6660,"West Aaron","South Carolina",56976865,786,"VISA 19 digit",2034-07-12,142.413509,-49.00085
Brian,Bishop,2025156159992,zprice@yahoo.com,"6228 Brown Court Suite 066",70052,"West Haroldburgh",Maryland,22296076,576,"Diners Club / Carte Blanche",2047-05-26,11.755786,-40.2121285
Michelle,Young,3386663338910,zwalls@yahoo.com,"76213 Robert Park Suite 309",39636,"East Kimberlystad",Arkansas,10016979,851,"JCB 15 digit",2030-11-26,160.674306,27.0968595
Frederick,Johnson,8838826572873,zwatkins@yahoo.com,"6770 Lisa Point Suite 622",44558,Andresmouth,Hawaii,67681960,537,"JCB 16 digit",2049-04-29,-124.053316,-14.924302
